breed,values
Domestic Shorthair Mix,23335
Pit Bull Mix,6135
Chihuahua Shorthair Mix,4733
Labrador Retriever Mix,4608
Domestic Medium Hair Mix,2323
German Shepherd Mix,1892
Bat Mix,1286
Domestic Longhair Mix,1228
Australian Cattle Dog Mix,1059
Siamese Mix,998
Bat,799
Dachshund Mix,798
Boxer Mix,674
Miniature Poodle Mix,648
Border Collie Mix,646
Catahoula Mix,476
Raccoon Mix,465
Rat Terrier Mix,456
Australian Shepherd Mix,454
Yorkshire Terrier Mix,437
Siberian Husky Mix,418
Jack Russell Terrier Mix,416
Miniature Schnauzer Mix,392
Domestic Shorthair,386
Beagle Mix,384
Chihuahua Longhair Mix,359
Staffordshire Mix,350
Great Pyrenees Mix,330
Cairn Terrier Mix,330
Pointer Mix,325
Rottweiler Mix,321
American Bulldog Mix,314
Rabbit Sh Mix,291
Shih Tzu Mix,282
Anatol Shepherd Mix,252
Chihuahua Shorthair/Dachshund,247
Plott Hound Mix,246
Black Mouth Cur Mix,241
Australian Kelpie Mix,240
Pit Bull,234
Raccoon,230
Labrador Retriever,230
American Staffordshire Terrier Mix,224
German Shepherd,217
American Shorthair Mix,211
Labrador Retriever/Pit Bull,209
Chihuahua Shorthair,200
Dachshund/Chihuahua Shorthair,178
Opossum Mix,176
American Pit Bull Terrier Mix,164
German Shepherd/Labrador Retriever,161
Miniature Pinscher Mix,155
Maltese Mix,155
Golden Retriever Mix,153
Snowshoe Mix,148
Queensland Heeler Mix,148
Chow Chow Mix,144
Labrador Retriever/German Shepherd,136
Domestic Medium Hair,131
Basset Hound Mix,128
Pug Mix,122
Pomeranian Mix,119
Border Terrier Mix,118
Doberman Pinsch Mix,118
Siberian Husky,114
Chicken Mix,113
Shih Tzu,112
Blue Lacy Mix,111
Cardigan Welsh Corgi Mix,107
Maine Coon Mix,106
Lhasa Apso Mix,105
Toy Poodle Mix,104
Cocker Spaniel Mix,103
Rottweiler,103
Guinea Pig Mix,103
Pit Bull/Labrador Retriever,102
Opossum,102
Dachshund,101
Manchester Terrier Mix,99
Boston Terrier Mix,97
Dachshund Longhair Mix,90
Mastiff Mix,89
Chinese Sharpei Mix,87
Dachshund Wirehair Mix,87
Australian Cattle Dog,86
Boxer,86
Bull Terrier Mix,84
Collie Smooth Mix,83
Great Dane Mix,83
Rhod Ridgeback Mix,80
Manx Mix,79
Skunk Mix,79
Beagle,76
Labrador Retriever/Border Collie,76
Labrador Retriever/Australian Cattle Dog,75
Flat Coat Retriever Mix,74
Miniature Schnauzer/Miniature Poodle,74
Border Collie/Labrador Retriever,72
Black/Tan Hound Mix,72
Pekingese Mix,71
English Bulldog Mix,70
Squirrel Mix,70
Carolina Dog Mix,70
Redbone Hound Mix,66
Russian Blue Mix,65
Norfolk Terrier Mix,62
Siamese,60
Chihuahua Shorthair/Rat Terrier,60
Australian Cattle Dog/Labrador Retriever,60
Chihuahua Shorthair/Jack Russell Terrier,59
Miniature Poodle,55
Maltese/Miniature Poodle,55
Bichon Frise Mix,54
Pit Bull/Boxer,53
Whippet Mix,52
Miniature Schnauzer,52
Weimaraner Mix,51
Pembroke Welsh Corgi Mix,51
Harrier Mix,51
Alaskan Husky Mix,51
Great Pyrenees,51
Labrador Retriever/Boxer,50
Doberman Pinsch,50
Rat Terrier/Chihuahua Shorthair,50
Chihuahua Shorthair/Pug,50
Jack Russell Terrier,48
Fox Mix,48
Belgian Malinois Mix,48
Labrador Retriever/Great Pyrenees,47
Soft Coated Wheaten Terrier Mix,47
Guinea Pig,47
Boxer/Pit Bull,47
Cocker Spaniel,46
Border Collie,46
Standard Schnauzer Mix,46
Yorkshire Terrier,45
Domestic Longhair,45
Wire Hair Fox Terrier Mix,45
Parson Russell Terrier Mix,45
Labrador Retriever/Beagle,45
Norwich Terrier Mix,44
Pug,44
Shetland Sheepdog Mix,43
Basenji Mix,43
Australian Shepherd,43
Labrador Retriever/Chow Chow,42
West Highland Mix,41
Skunk,41
Rat Mix,41
German Shorthair Pointer Mix,41
Labrador Retriever/Pointer,41
Dalmatian Mix,40
Boxer/Labrador Retriever,39
Maltese,39
Basset Hound,39
Akita Mix,39
Bulldog Mix,39
English Bulldog,37
Jack Russell Terrier/Chihuahua Shorthair,37
Bruss Griffon Mix,37
Pharaoh Hound Mix,37
Pug/Chihuahua Shorthair,36
Vizsla Mix,36
Shiba Inu Mix,36
Squirrel,36
Rat Terrier,35
Boston Terrier,35
Pointer/Labrador Retriever,33
Himalayan Mix,32
Siberian Husky/German Shepherd,32
Papillon Mix,32
Labrador Retriever/Australian Shepherd,32
Rabbit Sh,32
Labrador Retriever/Rottweiler,31
Miniature Poodle/Miniature Schnauzer,31
Chihuahua Shorthair/Cardigan Welsh Corgi,30
Smooth Fox Terrier Mix,30
Pug/Beagle,29
Havanese Mix,29
Hamster Mix,29
Miniature Pinscher,29
Collie Rough Mix,29
Labrador Retriever/Plott Hound,29
Great Pyrenees/Labrador Retriever,29
Golden Retriever,28
Catahoula,28
Pit Bull/Catahoula,28
German Shepherd/Chow Chow,27
Pit Bull/Australian Cattle Dog,27
Labrador Retriever/Catahoula,27
Pekingese,26
Bernese Mountain Dog Mix,26
Greyhound Mix,26
Dogo Argentino Mix,26
Catahoula/Labrador Retriever,25
Toy Fox Terrier Mix,25
Tibetan Spaniel Mix,25
American Staffordshire Terrier,25
Dutch Shepherd Mix,25
Pomeranian,25
Border Collie/German Shepherd,25
Beauceron Mix,25
English Pointer Mix,24
Australian Shepherd/Labrador Retriever,24
Miniature Pinscher/Chihuahua Shorthair,24
Cairn Terrier/Chihuahua Shorthair,24
Pbgv Mix,23
Great Dane,23
Yorkshire Terrier/Miniature Poodle,23
Dachshund/Beagle,23
Bloodhound Mix,23
Labrador Retriever/Golden Retriever,23
Cairn Terrier,23
Brittany Mix,23
Yorkshire Terrier/Chihuahua Shorthair,23
Anatol Shepherd/Labrador Retriever,22
Rottweiler/Labrador Retriever,22
Cavalier Span Mix,22
Californian Mix,22
Labrador Retriever/Chinese Sharpei,22
Ragdoll Mix,22
German Shepherd/Rottweiler,22
Labrador Retriever/Doberman Pinsch,22
German Shepherd/Siberian Husky,22
Italian Greyhound Mix,22
American Bulldog,22
Plott Hound/Labrador Retriever,22
Beagle/Chihuahua Shorthair,22
Chicken,22
Australian Cattle Dog/German Shepherd,21
Chihuahua Shorthair/Yorkshire Terrier,21
Labrador Retriever/Anatol Shepherd,21
Chihuahua Shorthair/Beagle,21
Anatol Shepherd,21
Scottish Terrier Mix,21
German Shepherd/Australian Cattle Dog,20
Lhasa Apso,20
American Eskimo Mix,20
Labrador Retriever/Basset Hound,20
Beagle/Labrador Retriever,20
Cardigan Welsh Corgi/Chihuahua Shorthair,20
Border Collie/Great Pyrenees,20
Standard Poodle Mix,20
Persian Mix,20
Bullmastiff Mix,20
Chihuahua Shorthair/Miniature Pinscher,19
Alaskan Malamute Mix,19
Finnish Spitz Mix,19
Treeing Walker Coonhound Mix,19
American Bulldog/Pit Bull,19
Beagle/German Shepherd,19
Miniature Poodle/Maltese,18
St. Bernard Smooth Coat Mix,18
Chesa Bay Retr Mix,18
American Foxhound Mix,18
Bluetick Hound Mix,18
Labrador Retriever/Siberian Husky,18
Turtle Mix,18
Chinese Sharpei/Labrador Retriever,18
Lhasa Apso/Miniature Poodle,18
Pit Bull/Chinese Sharpei,18
Australian Cattle Dog/Pit Bull,18
Beagle/Dachshund,18
Dogue De Bordeaux Mix,18
Ferret Mix,18
Parakeet Mix,17
Tibetan Terrier Mix,17
Schnauzer Giant Mix,17
Rex Mix,17
Golden Retriever/Labrador Retriever,17
English Coonhound Mix,17
Chihuahua Shorthair/Cairn Terrier,17
Pit Bull/Pointer,17
Fox,17
Dachshund Longhair,17
Chihuahua Shorthair/Boston Terrier,17
Yorkshire Terrier/Miniature Schnauzer,16
Bull Terrier,16
Chinese Sharpei,16
Chihuahua Longhair,16
Australian Cattle Dog/Border Collie,16
Australian Kelpie,16
Basset Hound/Labrador Retriever,16
French Bulldog Mix,16
Feist Mix,16
Cocker Spaniel/Miniature Poodle,16
Great Pyrenees/Border Collie,16
Rottweiler/German Shepherd,15
Dove Mix,15
Chow Chow/German Shepherd,15
Duck Mix,15
Lionhead Mix,15
Labrador Retriever/Blue Lacy,15
Staffordshire,15
German Shepherd/Boxer,15
St. Bernard Rough Coat Mix,15
Labrador Retriever/Dachshund,15
Airedale Terrier Mix,15
Siberian Husky/Labrador Retriever,15
Rat,15
Australian Terrier Mix,15
Toy Poodle,14
Dachshund/Rat Terrier,14
Great Dane/Labrador Retriever,14
Catahoula/Plott Hound,14
Rhod Ridgeback/Labrador Retriever,14
Schipperke Mix,14
Australian Shepherd/Border Collie,14
Anatol Shepherd/Great Pyrenees,14
Dachshund/Labrador Retriever,13
Pigeon Mix,13
Snake Mix,13
Australian Cattle Dog/Boxer,13
Chow Chow/Labrador Retriever,13
Boston Terrier/Chihuahua Shorthair,13
Rabbit Lh Mix,13
West Highland,13
Chow Chow,13
Greyhound,13
Ferret,13
Irish Terrier Mix,13
Leonberger Mix,13
Silky Terrier Mix,13
Jack Russell Terrier/Australian Cattle Dog,13
Duck,13
Siamese/Domestic Shorthair,13
Jack Russell Terrier/Dachshund,12
Border Collie/Australian Cattle Dog,12
Bengal Mix,12
German Shepherd/Pit Bull,12
Swedish Vallhund Mix,12
Black Mouth Cur,12
Labrador Retriever/Whippet,12
Siberian Husky/Australian Cattle Dog,12
Golden Retriever/Chow Chow,12
Pit Bull/Chihuahua Shorthair,12
Cairn Terrier/Yorkshire Terrier,12
Chihuahua Shorthair/Italian Greyhound,12
Dachshund Wirehair/Chihuahua Shorthair,12
Treeing Cur Mix,12
English Springer Spaniel Mix,12
Pointer/Pit Bull,12
Angora Mix,12
Labrador Retriever/Australian Kelpie,12
St. Bernard Rough Coat/Boxer,11
Dachshund Wirehair/Miniature Poodle,11
Black/Tan Hound,11
Chinese Crested Mix,11
Landseer Mix,11
Pointer,11
American Curl Shorthair Mix,11
Labrador Retriever/Jack Russell Terrier,11
Patterdale Terr Mix,11
Pit Bull/German Shepherd,11
Australian Cattle Dog/Beagle,11
Shih Tzu/Miniature Poodle,11
Beagle/Pug,11
Catahoula/Pit Bull,11
Hamster,11
Lop-English Mix,11
Cocker Spaniel/Labrador Retriever,11
Miniature Schnauzer/Yorkshire Terrier,11
German Shepherd/Border Collie,11
Manchester Terrier/Chihuahua Shorthair,11
Border Terrier/Chihuahua Shorthair,11
English Spot Mix,10
Labrador Retriever/Great Dane,10
Japanese Bobtail Mix,10
Jack Russell Terrier/Beagle,10
Maine Coon,10
Queensland Heeler,10
Field Spaniel Mix,10
Labrador Retriever/Queensland Heeler,10
Pointer/Border Collie,10
Collie Smooth/Labrador Retriever,10
Cane Corso Mix,10
Maltese/Yorkshire Terrier,10
Pomeranian/Chihuahua Longhair,10
Yorkshire Terrier/Cairn Terrier,10
Glen Of Imaal Mix,10
Cavalier Span,10
Great Pyrenees/Anatol Shepherd,10
French Bulldog,10
Lizard Mix,10
Chihuahua Shorthair/Pomeranian,10
German Shepherd/Alaskan Husky,10
Bearded Collie Mix,10
Labrador Retriever/Greyhound,10
Pembroke Welsh Corgi,10
Weimaraner,10
Blue Lacy,10
Boxer/Staffordshire,10
Standard Poodle/Labrador Retriever,10
German Shepherd/Black Mouth Cur,10
Vizsla,10
Balinese Mix,10
Bichon Frise,10
Miniature Poodle/Cocker Spaniel,10
English Foxhound Mix,10
Dachshund/Manchester Terrier,10
Great Pyrenees/American Bulldog,9
Persian,9
Maltese/Toy Poodle,9
German Shepherd/Australian Shepherd,9
Californian,9
Samoyed Mix,9
Catahoula/Australian Cattle Dog,9
Welsh Terrier Mix,9
Keeshond Mix,9
Labrador Retriever/Rhod Ridgeback,9
Miniature Poodle/Lhasa Apso,9
Boerboel Mix,9
Australian Cattle Dog/Pointer,9
Beagle/Basset Hound,9
Plott Hound,9
Australian Cattle Dog/Akita,9
German Shepherd/Mastiff,9
Jack Russell Terrier/Rat Terrier,9
Cardigan Welsh Corgi/Australian Cattle Dog,9
Labrador Retriever/Standard Poodle,9
Wirehaired Pointing Griffon Mix,9
Chihuahua Longhair/Pomeranian,9
American Eskimo,9
Chihuahua Shorthair/Dachshund Wirehair,8
Chow Chow/Australian Cattle Dog,8
Coyote Mix,8
Labrador Retriever/Mastiff,8
English Shepherd Mix,8
Affenpinscher Mix,8
Cockatiel Mix,8
Yorkshire Terrier/Chihuahua Longhair,8
Newfoundland Mix,8
Bantam Mix,8
Grackle Mix,8
Snowshoe,8
Canaan Dog Mix,8
Cardigan Welsh Corgi,8
Shetland Sheepdog,8
Pbgv,8
American Pit Bull Terrier,8
Labrador Retriever/Collie Smooth,8
Tonkinese Mix,8
Rhod Ridgeback,8
Carolina Dog,8
Chihuahua Shorthair/Manchester Terrier,8
Border Terrier/Yorkshire Terrier,8
Dachshund/Pit Bull,8
Miniature Poodle/Dachshund,8
Boxer/Catahoula,8
Dachshund Wirehair/Border Terrier,8
Australian Cattle Dog/Australian Shepherd,8
Shiba Inu,7
Pit Bull/Bulldog,7
Chihuahua Shorthair/Pit Bull,7
Jindo Mix,7
Old English Bulldog Mix,7
Pointer/Australian Cattle Dog,7
Miniature Poodle/Bichon Frise,7
Otterhound Mix,7
Pug/Labrador Retriever,7
Boxer/Australian Cattle Dog,7
German Shepherd/Doberman Pinsch,7
Boxer/Beagle,7
Irish Wolfhound Mix,7
Pharaoh Hound,7
Tortoise Mix,7
Bloodhound,7
Catahoula/Pointer,7
Picardy Sheepdog Mix,7
Alaskan Husky,7
Australian Shepherd/Anatol Shepherd,7
Pit Bull/Basset Hound,7
American Staffordshire Terrier/Labrador Retriever,7
Yorkshire Terrier/Rat Terrier,7
Harrier,7
Australian Kelpie/Pit Bull,7
Blue Lacy/Pit Bull,7
Labrador Retriever/Flat Coat Retriever,7
Bombay Mix,7
Akita,7
Dalmatian/Labrador Retriever,7
German Shorthair Pointer,7
Podengo Pequeno Mix,7
Australian Cattle Dog/Staffordshire,7
Manchester Terrier/Dachshund,7
Presa Canario Mix,7
Chow Chow/Pit Bull,7
Cane Corso,7
Havana Mix,7
Lionhead,7
Lop-Holland Mix,7
Yorkshire Terrier/Maltese,7
Labrador Retriever/Labrador Retriever,7
Mastiff/Chinese Sharpei,7
Beagle/Australian Cattle Dog,7
Catahoula/Chinese Sharpei,7
Chihuahua Shorthair/Border Terrier,7
Mastiff,7
Bull Terrier Miniature Mix,7
Miniature Poodle/Cairn Terrier,6
Beagle/Jack Russell Terrier,6
Skye Terrier Mix,6
Parakeet,6
Chihuahua Shorthair/Pembroke Welsh Corgi,6
Blue Lacy/American Bulldog,6
Labrador Retriever/Vizsla,6
Tarantula,6
German Shepherd/Golden Retriever,6
Great Pyrenees/Golden Retriever,6
Brittany,6
British Shorthair Mix,6
Miniature Poodle/Yorkshire Terrier,6
Gerbil Mix,6
Kuvasz Mix,6
Rat Terrier/Beagle,6
Chihuahua Shorthair/Miniature Schnauzer,6
Australian Cattle Dog/Jack Russell Terrier,6
Labrador Retriever/Black/Tan Hound,6
English Springer Spaniel,6
Chihuahua Shorthair/Whippet,6
Harrier/Catahoula,6
Mexican Hairless Mix,6
Pigeon,6
Chihuahua Longhair/Dachshund,6
Labrador Retriever/Dalmatian,6
Pit Bull/Dachshund,6
German Shepherd/Collie Rough,6
Standard Schnauzer,6
Cymric Mix,6
Siberian Husky/Border Collie,6
Weimaraner/Labrador Retriever,6
Manchester Terrier/Beagle,6
Border Collie/Bull Terrier,6
German Shepherd/Catahoula,6
Labrador Retriever/American Bulldog,6
Pointer/Catahoula,6
Chihuahua Longhair/Cairn Terrier,6
Snake,6
Chihuahua Shorthair/Swedish Vallhund,6
Armadillo Mix,6
Dachshund Longhair/Chihuahua Shorthair,6
Black Mouth Cur/Pit Bull,6
Labrador Retriever/Miniature Poodle,6
Flat Coat Retriever/Papillon,6
Parson Russell Terrier,6
Basset Hound/Australian Cattle Dog,6
Lhasa Apso/Shih Tzu,6
Himalayan,6
Pit Bull/Weimaraner,6
Standard Poodle,6
Neapolitan Mastiff Mix,6
Yorkshire Terrier/Border Terrier,6
Border Collie/Australian Shepherd,6
German Wirehaired Pointer Mix,6
Cairn Terrier/Miniature Schnauzer,6
Border Collie/Chow Chow,6
German Shepherd/Alaskan Malamute,6
New Zealand Wht Mix,6
Basset Hound/Beagle,6
Australian Shepherd/Australian Cattle Dog,6
German Shepherd/Cardigan Welsh Corgi,6
Labrador Retriever/German Shorthair Pointer,5
Dachshund/Jack Russell Terrier,5
German Shepherd/Chinese Sharpei,5
Pig Mix,5
Collie Rough/German Shepherd,5
Chihuahua Shorthair/Australian Cattle Dog,5
Border Collie/Boxer,5
Cold Water,5
Jack Russell Terrier/Miniature Poodle,5
Shih Tzu/Miniature Schnauzer,5
Boykin Span Mix,5
Rhod Ridgeback/Pit Bull,5
Queensland Heeler/Pit Bull,5
Pit Bull/Plott Hound,5
Greater Swiss Mountain Dog Mix,5
Belgian Malinois,5
Australian Shepherd/Plott Hound,5
American Bulldog/Labrador Retriever,5
Old English Bulldog,5
Australian Cattle Dog/Catahoula,5
German Shepherd/Pembroke Welsh Corgi,5
Jack Russell Terrier/Pit Bull,5
Pointer/Boxer,5
Beagle/Rat Terrier,5
Boxer/Chinese Sharpei,5
Cardigan Welsh Corgi/Beagle,5
German Pinscher Mix,5
Coyote,5
Labrador Retriever/Black Mouth Cur,5
Norfolk Terrier/Yorkshire Terrier,5
Bedlington Terr Mix,5
Collie Smooth/Boxer,5
Collie Smooth,5
Beagle/Vizsla,5
Basenji/Chihuahua Shorthair,5
Saluki,5
Jack Russell Terrier/Labrador Retriever,5
Chihuahua Longhair/Maltese,5
Wire Hair Fox Terrier/Chihuahua Shorthair,5
Dachshund/Australian Cattle Dog,5
Rat Terrier/Boston Terrier,5
Dalmatian,5
Turkish Angora Mix,5
Collie Rough/Anatol Shepherd,5
Dachshund Wirehair,5
Bullmastiff,5
Saluki Mix,5
Golden Retriever/Great Pyrenees,5
Pomeranian/Chihuahua Shorthair,5
Dutch Shepherd,5
Australian Cattle Dog/Chow Chow,5
Pit Bull/Dalmatian,5
Carolina Dog/Chihuahua Shorthair,5
German Shepherd/Great Pyrenees,5
Miniature Schnauzer/Chihuahua Shorthair,5
Vizsla/Labrador Retriever,5
Great Pyrenees/Australian Cattle Dog,5
Bernese Mountain Dog,5
Turkey Mix,5
Rat Terrier/Dachshund,5
Pit Bull/Boston Terrier,5
Irish Setter/Pit Bull,5
Australian Shepherd/Chihuahua Shorthair,5
Australian Kelpie/Blue Lacy,5
Alaskan Malamute,5
Anatol Shepherd/Border Collie,5
Staffordshire/Labrador Retriever,5
Pit Bull/Beagle,5
Border Terrier,5
Beagle/Boxer,5
Redbone Hound/Labrador Retriever,5
Pit Bull/Blue Lacy,5
Catahoula/German Shepherd,5
Labrador Retriever/Weimaraner,5
Basset Hound/Chinese Sharpei,5
Japanese Chin Mix,5
Catahoula/Great Dane,4
Mastiff/Rottweiler,4
Owl Mix,4
Cairn Terrier/Dachshund,4
Domestic Longhair/Persian,4
English Setter Mix,4
Cardigan Welsh Corgi/Pointer,4
Coton De Tulear Mix,4
Hawk,4
Chinchilla Mix,4
Grackle,4
Anatol Shepherd/German Shepherd,4
Pointer/American Pit Bull Terrier,4
Shiba Inu/Australian Kelpie,4
Dachshund/Pug,4
Rat Terrier/Cardigan Welsh Corgi,4
Boxer/American Bulldog,4
Nova Scotia Duck Tolling Retriever Mix,4
Australian Cattle Dog/Pembroke Welsh Corgi,4
Rottweiler/Australian Cattle Dog,4
Pit Bull/Mastiff,4
Silky Terrier/Yorkshire Terrier,4
Australian Shepherd/Cardigan Welsh Corgi,4
Dachshund Wirehair/Toy Poodle,4
Staffordshire/Boxer,4
Redbone Hound,4
Border Collie/Akita,4
Plott Hound/Pit Bull,4
American Pit Bull Terrier/Labrador Retriever,4
Pit Bull/Chow Chow,4
Norwegian Forest Cat Mix,4
Cardigan Welsh Corgi/German Shepherd,4
Wire Hair Fox Terrier/Beagle,4
Akita/Siberian Husky,4
Manx/Domestic Shorthair,4
Cairn Terrier/Chihuahua Longhair,4
Devon Rex Mix,4
Russian Blue,4
Basset Hound/Pit Bull,4
Black Mouth Cur/Boxer,4
Border Collie/Pit Bull,4
Shih Tzu/Toy Poodle,4
Bichon Frise/Miniature Poodle,4
Finnish Spitz,4
Sparrow Mix,4
Miniature Poodle/Chihuahua Shorthair,4
Netherlnd Dwarf Mix,4
Abyssinian Mix,4
Chihuahua Longhair/Cardigan Welsh Corgi,4
Black Mouth Cur/German Shepherd,4
Dachshund/Shih Tzu,4
Jack Russell Terrier/Cairn Terrier,4
Quaker Mix,4
Miniature Pinscher/Pug,4
Norwich Terrier/Yorkshire Terrier,4
Bruss Griffon/Pug,4
Norfolk Terrier/Chihuahua Shorthair,4
Ibizan Hound Mix,4
Australian Cattle Dog/Cardigan Welsh Corgi,4
German Shepherd/Anatol Shepherd,4
Bluetick Hound,4
Havanese,4
Chihuahua Shorthair/Wire Hair Fox Terrier,4
Siberian Husky/Pit Bull,4
Miniature Schnauzer/Cairn Terrier,4
Doberman Pinsch/German Shepherd,4
Hotot Mix,4
Dutch Mix,4
Jack Russell Terrier/Shih Tzu,4
Great Pyrenees/German Shepherd,4
Rottweiler/Chow Chow,4
Bulldog/Boston Terrier,4
Papillon,4
Plott Hound/Boxer,4
Shih Tzu/Maltese,4
Labrador Retriever/Staffordshire,4
Pembroke Welsh Corgi/Chihuahua Shorthair,4
Rottweiler/Pit Bull,4
Miniature Schnauzer/Toy Poodle,4
Anatol Shepherd/Redbone Hound,4
American Bulldog/Boxer,4
Carolina Dog/Pit Bull,4
English Cocker Spaniel Mix,4
Labrador Retriever/Standard Schnauzer,4
Border Collie/Dachshund,4
Whippet/Labrador Retriever,4
Australian Kelpie/Labrador Retriever,4
Boxer/Great Dane,4
Doberman Pinsch/Labrador Retriever,4
Chihuahua Shorthair/Miniature Poodle,4
Soft Coated Wheaten Terrier,4
Akbash Mix,4
Catahoula/Cardigan Welsh Corgi,4
Black Mouth Cur/Catahoula,4
Bulldog,4
Shih Tzu/Dachshund,4
Boston Terrier/Pug,4
Golden Retriever/Standard Poodle,4
Chow Chow/Golden Retriever,4
Pixiebob Shorthair Mix,4
Parrot Mix,4
Australian Shepherd/Cocker Spaniel,4
Mastiff/Boxer,4
Weimaraner/Pit Bull,4
Basenji/Australian Cattle Dog,4
Australian Shepherd/Chow Chow,4
Labrador Retriever/Chesa Bay Retr,4
Miniature Poodle/Shih Tzu,4
Great Pyrenees/Standard Poodle,4
Australian Cattle Dog/Plott Hound,4
Shih Tzu/Havanese,3
Chihuahua Shorthair/Mexican Hairless,3
Australian Cattle Dog/Chinese Sharpei,3
Jack Russell Terrier/Yorkshire Terrier,3
Australian Cattle Dog/Dachshund,3
French Bulldog/Chihuahua Shorthair,3
Great Dane/Pit Bull,3
Flat Coat Retriever/German Shepherd,3
Cairn Terrier/Miniature Poodle,3
Dachshund/Bloodhound,3
Whippet/Dachshund,3
Miniature Poodle/Australian Cattle Dog,3
English Spot,3
Cottontail Mix,3
Feist/Beagle,3
Heron Mix,3
Schipperke/Chihuahua Shorthair,3
Domestic Medium Hair/Siamese,3
Chihuahua Shorthair/German Shepherd,3
Chihuahua Longhair/Yorkshire Terrier,3
Greyhound/Labrador Retriever,3
Nova Scotia Duck Tolling Retriever,3
Dachshund/Catahoula,3
Rhode Island Mix,3
Newfoundland/Labrador Retriever,3
American Staffordshire Terrier/Pit Bull,3
Ragdoll,3
Cockatoo,3
American Bulldog/Mastiff,3
Standard Schnauzer/Standard Poodle,3
Labrador Retriever/Redbone Hound,3
Doberman Pinsch/Pit Bull,3
Anatol Shepherd/Catahoula,3
Flat Coat Retriever/Pit Bull,3
Cocker Spaniel/Pembroke Welsh Corgi,3
Chihuahua Shorthair/Basenji,3
Chinese Sharpei/Pit Bull,3
Miniature Schnauzer/Dachshund Wirehair,3
Pointer/Collie Smooth,3
Dalmatian/Pit Bull,3
Shih Tzu/Chihuahua Shorthair,3
Welsh Springer Spaniel Mix,3
Border Collie/Whippet,3
Chihuahua Shorthair/Smooth Fox Terrier,3
Dachshund/Miniature Pinscher,3
Blue Lacy/Australian Kelpie,3
Australian Cattle Dog/German Shorthair Pointer,3
Norfolk Terrier,3
Boxer/Black Mouth Cur,3
Akita/Australian Cattle Dog,3
Golden Retriever/Collie Rough,3
American Bulldog/Basset Hound,3
Pekingese/Shih Tzu,3
German Shepherd/Plott Hound,3
Black/Tan Hound/Labrador Retriever,3
Australian Shepherd/Boxer,3
Boxer/American Staffordshire Terrier,3
Redbone Hound/Rhod Ridgeback,3
Boxer/Anatol Shepherd,3
Standard Schnauzer/Miniature Poodle,3
Brittany/Labrador Retriever,3
Chihuahua Shorthair/Basset Hound,3
Rhod Ridgeback/German Shepherd,3
Bruss Griffon/Chihuahua Shorthair,3
Chihuahua Shorthair/Schipperke,3
Lizard,3
Golden Retriever/Border Collie,3
German Wirehaired Pointer,3
Siberian Husky/Alaskan Malamute,3
Bluebird Mix,3
Wire Hair Fox Terrier/Dachshund,3
Shih Tzu/Pit Bull,3
German Shepherd/Collie Smooth,3
Exotic Shorthair Mix,3
Sphynx,3
Jack Russell Terrier/Pembroke Welsh Corgi,3
Beagle/Parson Russell Terrier,3
Catahoula/Boxer,3
Cardigan Welsh Corgi/Cocker Spaniel,3
Peafowl,3
Miniature Pinscher/Dachshund,3
Dutch Shepherd/Labrador Retriever,3
Dachshund/Miniature Poodle,3
Great Pyrenees/Pit Bull,3
Alaskan Husky/German Shepherd,3
Armadillo,3
Carolina Dog/Australian Cattle Dog,3
Beagle/Pointer,3
German Shepherd/Australian Kelpie,3
Dachshund/Cardigan Welsh Corgi,3
Catahoula/English Coonhound,3
Chinese Sharpei/Border Collie,3
Border Terrier/Dachshund,3
Cornish Rex Mix,3
Rottweiler/Siberian Husky,3
Australian Cattle Dog/Great Pyrenees,3
Catahoula/Beagle,3
Lop-Mini,3
Parson Russell Terrier/Chihuahua Shorthair,3
Labrador Retriever/American Pit Bull Terrier,3
Pit Bull/Rottweiler,3
Cocker Spaniel/Chihuahua Shorthair,3
Basset Hound/Pointer,3
Great Pyrenees/Rottweiler,3
Australian Kelpie/Beagle,3
Toy Poodle/Miniature Schnauzer,3
Parson Russell Terrier/Beagle,3
Australian Shepherd/Catahoula,3
Siamese/Japanese Bobtail,3
Border Collie/Catahoula,3
Jack Russell Terrier/Pug,3
Treeing Walker Coonhound/German Shepherd,3
Great Pyrenees/Catahoula,3
Alaskan Husky/Australian Shepherd,3
Alaskan Malamute/Border Collie,3
Dachshund Longhair/Cardigan Welsh Corgi,3
Chihuahua Longhair/Jack Russell Terrier,3
Miniature Poodle/Labrador Retriever,3
Shih Tzu/Cocker Spaniel,3
Collie Smooth/German Shepherd,3
Pit Bull/Black Mouth Cur,3
Chow Chow/Basset Hound,3
Great Dane/Mastiff,3
Pit Bull/Alaskan Husky,3
Australian Kelpie/Whippet,3
Dachshund Wirehair/Miniature Schnauzer,3
St. Bernard Rough Coat,3
Border Collie/Pointer,3
Manchester Terrier/Jack Russell Terrier,3
Great Dane/Boxer,3
Boxer/English Bulldog,3
Rat Terrier/Miniature Poodle,3
Dove,3
Oriental Sh Mix,3
Queensland Heeler/Chihuahua Shorthair,3
Great Pyrenees/Australian Shepherd,3
Chihuahua Longhair/Pekingese,3
Mockingbird Mix,3
Presa Canario,3
Dachshund/Chihuahua Longhair,3
Border Collie/Parson Russell Terrier,3
Lop-Mini Mix,3
Australian Cattle Dog/Bull Terrier,3
American Staffordshire Terrier/American Bulldog,3
Boston Terrier/Dachshund,3
Anatol Shepherd/Mastiff,3
American Mix,3
Chesa Bay Retr/Labrador Retriever,3
Bichon Frise/Toy Poodle,3
Pit Bull/Rhod Ridgeback,3
Catahoula/Whippet,3
Flat Coat Retriever/Labrador Retriever,3
Tibetan Spaniel,3
Spinone Italiano Mix,3
Australian Kelpie/Rat Terrier,3
Cocker Spaniel/Dachshund,3
Brittany/Border Collie,3
Australian Cattle Dog/Basenji,3
Catahoula/American Pit Bull Terrier,3
English Coonhound,3
Shih Tzu/Yorkshire Terrier,3
Great Pyrenees/Pointer,3
Staffordshire/Beagle,3
German Shepherd/Black/Tan Hound,3
Belgian Sheepdog Mix,3
Golden Retriever/German Shepherd,3
German Shepherd/Redbone Hound,3
Pug/French Bulldog,2
Chihuahua Longhair/West Highland,2
Lhasa Apso/Cocker Spaniel,2
Tibetan Terrier/Lhasa Apso,2
Chihuahua Shorthair/Toy Fox Terrier,2
Yorkshire Terrier/Havanese,2
Dachshund Wirehair/Cairn Terrier,2
American Foxhound,2
Labrador Retriever/Boston Terrier,2
Boxer/Miniature Poodle,2
Boston Terrier/Pit Bull,2
Dachshund/Parson Russell Terrier,2
Australian Kelpie/Australian Shepherd,2
Dachshund/Basset Hound,2
Turtle,2
Bulldog/Australian Cattle Dog,2
Netherlnd Dwarf,2
Pug/Border Terrier,2
Australian Cattle Dog/Rhod Ridgeback,2
Domestic Shorthair/Siamese,2
Alaskan Malamute/Labrador Retriever,2
Yorkshire Terrier/Shih Tzu,2
Domestic Longhair/Rex,2
Chinese Sharpei/American Bulldog,2
Catahoula/Bulldog,2
Blue Lacy/Weimaraner,2
Heron,2
Labrador Retriever/Border Terrier,2
Australian Kelpie/Miniature Pinscher,2
Chow Chow/Chinese Sharpei,2
American Staffordshire Terrier/Boxer,2
Manchester Terrier/Norfolk Terrier,2
American Pit Bull Terrier/Pit Bull,2
Harrier/Labrador Retriever,2
Australian Kelpie/Dachshund,2
Belgian Tervuren Mix,2
Golden Retriever/Akita,2
Munchkin Shorthair Mix,2
Pekingese/Chihuahua Shorthair,2
Italian Greyhound,2
Akita/Pit Bull,2
Chihuahua Shorthair/Shih Tzu,2
Australian Cattle Dog/Boston Terrier,2
Bengal,2
Belgian Tervuren/German Shepherd,2
Soft Coated Wheaten Terrier/Labrador Retriever,2
Golden Retriever/Beagle,2
Chartreux Mix,2
Chihuahua Shorthair/Pekingese,2
Doberman Pinsch/Australian Cattle Dog,2
Black/Tan Hound/Black Mouth Cur,2
Labrador Retriever/Newfoundland,2
British Shorthair,2
Pembroke Welsh Corgi/German Shepherd,2
West Highland/Toy Fox Terrier,2
Sussex Span Mix,2
Mastiff/Pit Bull,2
Beagle/Queensland Heeler,2
Anatol Shepherd/Akita,2
Labrador Retriever/Bloodhound,2
Mastiff/Labrador Retriever,2
Jack Russell Terrier/Maltese,2
Whippet/Australian Kelpie,2
Pug/Chihuahua Longhair,2
Cinnamon,2
Jack Russell Terrier/Welsh Terrier,2
Boxer/Mastiff,2
Whippet/Chihuahua Shorthair,2
Rottweiler/Doberman Pinsch,2
Chinchilla-Stnd Mix,2
Chihuahua Longhair/Papillon,2
Snowshoe/Ragdoll,2
Jack Russell Terrier/Basenji,2
Miniature Schnauzer/Jack Russell Terrier,2
Yorkshire Terrier/Bruss Griffon,2
Chihuahua Shorthair/Norfolk Terrier,2
Flat Coat Retriever,2
Dogo Argentino/Labrador Retriever,2
Black Mouth Cur/Blue Lacy,2
Bull Terrier/Pit Bull,2
Chihuahua Shorthair/Welsh Terrier,2
Basenji/Chihuahua Longhair,2
Dachshund Wirehair/Norfolk Terrier,2
Dachshund Wirehair/Rat Terrier,2
Beagle/Cardigan Welsh Corgi,2
Great Dane/Anatol Shepherd,2
Shetland Sheepdog/Chihuahua Longhair,2
Border Collie/Queensland Heeler,2
Pit Bull/French Bulldog,2
Australian Cattle Dog/Bloodhound,2
Tibetan Terrier,2
American Eskimo/Border Collie,2
Boston Terrier/Pointer,2
Dachshund/English Foxhound,2
Queensland Heeler/Pointer,2
Beagle/Chinese Sharpei,2
Smooth Fox Terrier/Cardigan Welsh Corgi,2
St. Bernard Smooth Coat,2
Akita/Belgian Malinois,2
Great Pyrenees/Chow Chow,2
Golden Retriever/Dachshund,2
Pointer/Staffordshire,2
Australian Kelpie/American Pit Bull Terrier,2
Catahoula/Australian Shepherd,2
Australian Shepherd/German Shepherd,2
Cairn Terrier/Border Collie,2
Dachshund Longhair/Miniature Schnauzer,2
Conure,2
Muscovy,2
Border Collie/Alaskan Husky,2
Quaker,2
Anatol Shepherd/Australian Cattle Dog,2
West Highland/Cairn Terrier,2
Border Collie/Mastiff,2
Boxer/Pointer,2
Pug/Staffordshire,2
Black Mouth Cur/Dachshund,2
Jindo,2
Border Collie/Basenji,2
Dachshund/Whippet,2
Peafowl Mix,2
Maltese/Shih Tzu,2
Beagle/Cocker Spaniel,2
Papillon/Shih Tzu,2
Boston Terrier/Pembroke Welsh Corgi,2
Bulldog/Pit Bull,2
Miniature Schnauzer/Maltese,2
Catahoula/Anatol Shepherd,2
Jack Russell Terrier/Italian Greyhound,2
Papillon/Chihuahua Shorthair,2
Beagle/Standard Poodle,2
Cairn Terrier/Italian Greyhound,2
Pit Bull/Pit Bull,2
Basenji/Jack Russell Terrier,2
Queensland Heeler/Australian Cattle Dog,2
Dachshund Wirehair/Chihuahua Longhair,2
Dachshund Longhair/Maltese,2
Goat Mix,2
Beagle/Catahoula,2
Lhasa Apso/Cairn Terrier,2
Cairn Terrier/Dachshund Wirehair,2
Catahoula/Staffordshire,2
Jack Russell Terrier/Border Collie,2
Cavalier Span/Chihuahua Shorthair,2
Welsh Terrier,2
Black Mouth Cur/Mastiff,2
Australian Shepherd/Rottweiler,2
Akita/German Shepherd,2
Blue Lacy/Labrador Retriever,2
Japanese Chin,2
Pit Bull/Pug,2
Yorkshire Terrier/Jack Russell Terrier,2
Vizsla/Golden Retriever,2
American Pit Bull Terrier/Boxer,2
Staffordshire/Blue Lacy,2
Queensland Heeler/Dachshund,2
Labrador Retriever/Collie Rough,2
English Foxhound,2
German Shepherd/Great Dane,2
Dachshund Longhair/Chihuahua Longhair,2
Staffordshire/English Bulldog,2
Maltese/Jack Russell Terrier,2
Australian Shepherd/Pit Bull,2
Pekingese/Miniature Poodle,2
Maltese/Border Terrier,2
Shiba Inu/German Shepherd,2
Alaskan Malamute/German Shepherd,2
German Shepherd/Akita,2
Australian Cattle Dog/Queensland Heeler,2
Labrador Retriever/Shiba Inu,2
Scottish Terrier,2
Boxer/Rhod Ridgeback,2
English Shepherd,2
Border Collie/Jack Russell Terrier,2
Golden Retriever/Australian Cattle Dog,2
Dachshund/Belgian Malinois,2
Parrot,2
Pomeranian/Shetland Sheepdog,2
Basset Hound/Border Collie,2
German Shepherd/Nova Scotia Duck Tolling Retriever,2
Newfoundland/Great Pyrenees,2
Chihuahua Shorthair/Chinese Sharpei,2
Carolina Dog/Labrador Retriever,2
Labrador Retriever/Smooth Fox Terrier,2
Bearded Collie,2
Border Collie/Anatol Shepherd,2
Australian Cattle Dog/Parson Russell Terrier,2
Bull Terrier Miniature,2
Samoyed,2
Border Terrier/Miniature Poodle,2
American Bulldog/Pointer,2
Manchester Terrier/Australian Kelpie,2
Finnish Spitz/Chow Chow,2
Beagle/Plott Hound,2
Shih Tzu/Cardigan Welsh Corgi,2
Great Pyrenees/Plott Hound,2
Dachshund/Yorkshire Terrier,2
Labrador Retriever/English Springer Spaniel,2
Jersey Wooly Mix,2
Labrador Retriever/Beauceron,2
Finch,2
Norwich Terrier/Cairn Terrier,2
Boston Terrier/Miniature Schnauzer,2
Cardigan Welsh Corgi/Jack Russell Terrier,2
Lhasa Apso/Miniature Schnauzer,2
Australian Cattle Dog/Siberian Husky,2
Pointer/Harrier,2
Pekingese/Jack Russell Terrier,2
Airedale Terrier/Labrador Retriever,2
Lhasa Apso/Toy Poodle,2
Boxer/Border Collie,2
Cardigan Welsh Corgi/Miniature Pinscher,2
Black Mouth Cur/Labrador Retriever,2
Chinese Sharpei/Great Dane,2
Akita/Border Collie,2
Golden Retriever/Australian Shepherd,2
Beagle/Pit Bull,2
Irish Terrier/Border Terrier,2
Black Mouth Cur/Australian Cattle Dog,2
Belgian Malinois/Australian Shepherd,2
Irish Terrier/Labrador Retriever,2
Field Spaniel/Cocker Spaniel,2
Manchester Terrier/Labrador Retriever,2
Labrador Retriever/Cocker Spaniel,2
Bull Terrier/Boxer,2
Smooth Fox Terrier/Jack Russell Terrier,2
Border Collie/Pembroke Welsh Corgi,2
Toy Poodle/Bichon Frise,2
Siberian Husky/Chinese Sharpei,2
Catahoula/Alaskan Husky,2
Wire Hair Fox Terrier,2
Dogo Argentino,2
Munchkin Longhair Mix,2
Australian Cattle Dog/Anatol Shepherd,2
Staffordshire/Bull Terrier,2
Manx/Domestic Longhair,2
Dachshund/Greyhound,2
Flemish Giant,2
Chihuahua Longhair/Dachshund Longhair,2
Jack Russell Terrier/Dachshund Wirehair,2
Havanese/Miniature Poodle,2
Dachshund Longhair/Cocker Spaniel,2
Pit Bull/Carolina Dog,2
Australian Shepherd/Alaskan Malamute,2
American Pit Bull Terrier/American Pit Bull Terrier,2
Boxer/German Shepherd,2
Pit Bull/Flat Coat Retriever,2
Basset Hound/Australian Shepherd,2
Toy Poodle/Maltese,2
Burmese,2
German Shepherd/Bull Terrier,2
Dachshund/Harrier,2
Manchester Terrier/Pembroke Welsh Corgi,2
Rat Terrier/Australian Cattle Dog,2
Rex,2
Bengal/Domestic Shorthair,2
Labrador Retriever/Pembroke Welsh Corgi,2
Blue Lacy/Pointer,2
Rat Terrier/Labrador Retriever,2
Basset Hound/Boxer,2
Picardy Sheepdog,2
Golden Retriever/Pembroke Welsh Corgi,2
Belgian Malinois/Treeing Cur,2
Standard Schnauzer/German Shepherd,2
Devon Rex,2
Yorkshire Terrier/Pomeranian,2
Pointer/Jack Russell Terrier,2
Black Mouth Cur/Basset Hound,2
Dalmatian/Australian Cattle Dog,2
Gordon Setter Mix,2
Chihuahua Shorthair/French Bulldog,2
Miniature Schnauzer/Shih Tzu,2
Labrador Retriever/Alaskan Husky,2
Harlequin Mix,2
Chihuahua Longhair/Dachshund Wirehair,2
Pit Bull/Rat Terrier,2
Rex-Mini,2
Yorkshire Terrier/Norfolk Terrier,2
Dachshund/Bull Terrier,2
Border Terrier/Rat Terrier,2
Vizsla/Dachshund,2
Australian Kelpie/Catahoula,2
St. Bernard Smooth Coat/Anatol Shepherd,2
Rottweiler/Rhod Ridgeback,2
Chihuahua Shorthair/Finnish Spitz,2
German Wirehaired Pointer/Labrador Retriever,2
Australian Cattle Dog/Collie Smooth,2
West Highland/Miniature Poodle,2
Siberian Husky/American Pit Bull Terrier,2
Domestic Medium Hair/Maine Coon,2
Canaan Dog/Redbone Hound,2
Pug/Italian Greyhound,2
Australian Shepherd/Nova Scotia Duck Tolling Retriever,2
Plott Hound/Blue Lacy,2
Plott Hound/Rhod Ridgeback,2
Australian Cattle Dog/Dalmatian,2
Tibetan Spaniel/Beagle,2
Yorkshire Terrier/Toy Poodle,2
Collie Rough/Australian Shepherd,2
Basenji,2
Plott Hound/Australian Cattle Dog,2
Yorkshire Terrier/Lhasa Apso,2
Redbone Hound/Dachshund,2
Catahoula/Harrier,2
Blue Lacy/Beagle,2
Silky Terrier,2
Scottish Fold Mix,2
Collie Rough/Chinese Sharpei,2
Plott Hound/Bull Terrier,2
Pointer/Anatol Shepherd,2
Birman Mix,2
Pug/Pekingese,2
Welsh Springer Spaniel,2
Australian Kelpie/German Shepherd,2
Beauceron,2
Anatol Shepherd/Pit Bull,2
Port Water Dog Mix,2
Collie Rough/Labrador Retriever,2
Boxer/Boston Terrier,2
American Pit Bull Terrier/Catahoula,2
Javanese Mix,2
Border Collie/Beagle,2
Old English Sheepdog,2
Shetland Sheepdog/Border Collie,2
Italian Greyhound/Chihuahua Shorthair,2
Border Collie/Greyhound,2
Shih Tzu/Bruss Griffon,2
Lowchen/Yorkshire Terrier,2
Chow Chow/Siberian Husky,2
English Bulldog/Boxer,2
Rhod Ridgeback/Boxer,2
Angora-English Mix,2
Turkish Van Mix,2
Treeing Walker Coonhound/Labrador Retriever,2
Soft Coated Wheaten Terrier/Yorkshire Terrier,2
Chihuahua Shorthair/Cocker Spaniel,2
Bruss Griffon/Dachshund,2
Cardigan Welsh Corgi/Dachshund,2
Miniature Schnauzer/Chihuahua Longhair,2
Muscovy Mix,2
Cardigan Welsh Corgi/Australian Shepherd,2
Catahoula/Rottweiler,2
Pbgv/Jack Russell Terrier,2
Staffordshire/Boston Terrier,2
Australian Cattle Dog/Cairn Terrier,2
Collie Rough,2
Pit Bull/English Bulldog,2
Pembroke Welsh Corgi/Dachshund,1
Cocker Spaniel/Toy Poodle,1
Swedish Vallhund/Miniature Poodle,1
Siberian Husky/Australian Shepherd,1
English Bulldog/Dachshund,1
Wire Hair Fox Terrier/Miniature Schnauzer,1
English Coonhound/Border Collie,1
Bluetick Hound/Great Pyrenees,1
Saluki/Doberman Pinsch,1
Pomeranian/Jack Russell Terrier,1
Labrador Retriever/Patterdale Terr,1
West Highland/Chihuahua Shorthair,1
Catbird Mix,1
Maltese/Yorkshire,1
Whippet/Anatol Shepherd,1
Plott Hound/German Shepherd,1
Bruss Griffon/Yorkshire Terrier,1
African Mix,1
Great Dane/Australian Shepherd,1
Hedgehog,1
Dachshund Wirehair/Standard Poodle,1
Pit Bull/Siberian Husky,1
Labrador Retriever/Pug,1
Cairn Terrier/West Highland,1
Siamese/Angora,1
English Pointer/Boxer,1
Pomeranian/Schipperke,1
Maltese/Cocker Spaniel,1
English Foxhound/Labrador Retriever,1
Shiba Inu/Siberian Husky,1
Harrier/Pit Bull,1
Yorkshire Terrier/Yorkshire Terrier,1
Chihuahua Longhair/Cocker Spaniel,1
Beagle/Whippet,1
Manx/Siamese,1
Labrador Retriever/Chihuahua Shorthair,1
Mockingbird,1
Smooth Fox Terrier/Basenji,1
Doberman Pinsch/Border Collie,1
Australian Kelpie/Australian Cattle Dog,1
Great Pyrenees/Boxer,1
Pug/Schipperke,1
Shih Tzu/Pug,1
Bluetick Hound/Australian Kelpie,1
Jack Russell Terrier/Unknown,1
Boxer/Queensland Heeler,1
Beagle/Mastiff,1
Chinese Sharpei/Australian Cattle Dog,1
Border Collie/Pomeranian,1
Border Collie/Siberian Husky,1
Manchester Terrier,1
Pointer/Australian Kelpie,1
Siberian Husky/Rottweiler,1
Dogo Argentino/Pit Bull,1
Angora-French Mix,1
Rex-Mini Mix,1
Domestic Longhair/Domestic Longhair,1
Maltese/Dalmatian,1
Pointer/Bull Terrier,1
Basset Hound/Beauceron,1
Alaskan Husky/Border Collie,1
Dachshund Wirehair/Yorkshire Terrier,1
Chihuahua Shorthair/Cirneco,1
Afghan Hound Mix,1
Australian Cattle Dog/American Pit Bull Terrier,1
Labrador Retriever/Alaskan Malamute,1
Norfolk Terrier/Bruss Griffon,1
Jack Russell Terrier/Basset Hound,1
Boston Terrier/Labrador Retriever,1
Pharaoh Hound/Border Collie,1
Miniature Poodle/Beagle,1
American Eskimo/Alaskan Husky,1
Catahoula/Queensland Heeler,1
Dachshund Longhair/Tibetan Spaniel,1
Shetland Sheepdog/Brittany,1
Chihuahua Longhair/Miniature Poodle,1
Great Dane/Boerboel,1
Dachshund/Blue Lacy,1
Siberian Husky/Cardigan Welsh Corgi,1
Collie Smooth/Siberian Husky,1
Mastiff/Bloodhound,1
Pomeranian/American Eskimo,1
American Sable,1
Rex-Mini/Lop-English,1
Miniature Schnauzer/Border Collie,1
Jack Russell Terrier/Cardigan Welsh Corgi,1
Basset Hound/Great Pyrenees,1
Doberman Pinsch/Black/Tan Hound,1
Domestic Shorthair/British Shorthair,1
Dachshund Longhair/Miniature Poodle,1
Rabbit Sh/Lop-Mini,1
Mastiff/American Pit Bull Terrier,1
Boxer/Great Pyrenees,1
Norwich Terrier/Pug,1
Collie Rough/Pointer,1
Staffordshire/Basset Hound,1
American Bulldog/Great Pyrenees,1
Collie Rough/Golden Retriever,1
Boxer/Neapolitan Mastiff,1
Miniature Schnauzer/Soft Coated Wheaten Terrier,1
Beagle/Border Terrier,1
Miniature Schnauzer/Queensland Heeler,1
Border Collie/German Shorthair Pointer,1
Pug/Pomeranian,1
Black Mouth Cur/Staffordshire,1
Cairn Terrier/Affenpinscher,1
Border Terrier/Shih Tzu,1
Chihuahua Shorthair/Border Collie,1
Whippet/Catahoula,1
Chihuahua Shorthair/Papillon,1
Plott Hound/Beagle,1
Shih Tzu/Chihuahua Longhair,1
Pointer/Blue Lacy,1
Miniature Poodle/Pomeranian,1
Australian Shepherd/Dalmatian,1
American Sable Mix,1
Soft Coated Wheaten Terrier/Boxer,1
St. Bernard Rough Coat/Standard Schnauzer,1
Irish Wolfhound/Great Dane,1
Great Pyrenees/English Setter,1
Mastiff/German Shepherd,1
English Coonhound/Beagle,1
English Springer Spaniel/Cardigan Welsh Corgi,1
Akita/Labrador Retriever,1
Lhasa Apso/West Highland,1
Belgian Malinois/German Shepherd,1
Pembroke Welsh Corgi/Basset Hound,1
Bouv Flandres/Otterhound,1
Papillon/Pomeranian,1
Rat Terrier/Basenji,1
Bruss Griffon/Maltese,1
Landseer,1
Chinese Sharpei/Chow Chow,1
Golden Retriever/Catahoula,1
Nova Scotia Duck Tolling Retriever/Border Collie,1
Chihuahua Shorthair/Labrador Retriever,1
German Shepherd/Basenji,1
Plott Hound/Rottweiler,1
German Shepherd/Greyhound,1
Standard Schnauzer/Toy Poodle,1
Irish Setter Mix,1
Dalmatian/Basset Hound,1
English Springer Spaniel/Labrador Retriever,1
Chesa Bay Retr,1
Border Terrier/Chihuahua Longhair,1
Boxer/Plott Hound,1
American Pit Bull Terrier/Chinese Sharpei,1
Neapolitan Mastiff/Pit Bull,1
Beagle/Australian Kelpie,1
Labrador Retriever/Spanish Water Dog,1
Domestic Shorthair/Domestic Shorthair,1
Golden Retriever/Pit Bull,1
Dalmatian/Boxer,1
Plott Hound/Mastiff,1
Standard Poodle/Whippet,1
Toy Fox Terrier/Yorkshire Terrier,1
Dachshund Wirehair/Pbgv,1
Plott Hound/Dachshund,1
English Bulldog/Beagle,1
Chihuahua Shorthair/Queensland Heeler,1
Australian Shepherd/English Setter,1
Chow Chow/Pekingese,1
Newfoundland/Australian Cattle Dog,1
Whippet/Treeing Cur,1
Blue Lacy/Australian Cattle Dog,1
Jack Russell Terrier/Shetland Sheepdog,1
Vulture Mix,1
Boxer/Greyhound,1
Miniature Poodle/Havanese,1
Treeing Walker Coonhound/Dachshund,1
Leonberger/German Shepherd,1
Great Pyrenees/Kuvasz,1
Chihuahua Longhair/Pug,1
Chihuahua Shorthair/Shetland Sheepdog,1
Rhod Ridgeback/Plott Hound,1
West Highland/Maltese,1
Miniature Schnauzer/Whippet,1
Whippet,1
Australian Cattle Dog/Collie Rough,1
Rottweiler/Australian Shepherd,1
Black/Tan Hound/Great Dane,1
Flat Coat Retriever/Australian Cattle Dog,1
Labrador Retriever/St. Bernard Smooth Coat,1
German Shepherd/Beagle,1
Scottish Terrier/Cairn Terrier,1
Shetland Sheepdog/Keeshond,1
Dandie Dinmont Mix,1
Whippet/Plott Hound,1
Boxer/Doberman Pinsch,1
Siberian Husky/Anatol Shepherd,1
Chow Chow/American Eskimo,1
Pit Bull/Bull Terrier,1
Hawk Mix,1
American Bulldog/Blue Lacy,1
Mouse Mix,1
Rottweiler/English Bulldog,1
Miniature Schnauzer/Border Terrier,1
Snake/Snake,1
Lhasa Apso/Jack Russell Terrier,1
English Bulldog/Cairn Terrier,1
Basenji/Chow Chow,1
Labrador Retriever/American Staffordshire Terrier,1
Dachshund/American Staffordshire Terrier,1
Hovawart Mix,1
Harrier/Pointer,1
Border Collie/Canaan Dog,1
Border Collie/Dalmatian,1
Great Pyrenees/Siberian Husky,1
Guinea Mix,1
Australian Shepherd/Field Spaniel,1
English Bulldog/Pit Bull,1
Beagle/American Staffordshire Terrier,1
Queensland Heeler/Border Collie,1
Schnauzer Giant/Labrador Retriever,1
Sugar Glider,1
Chihuahua Longhair/Norfolk Terrier,1
Lowchen/Miniature Poodle,1
Shiba Inu/Dachshund,1
Unknown Mix,1
Treeing Walker Coonhound/Plott Hound,1
Miniature Poodle/American Eskimo,1
Jack Russell Terrier/Australian Shepherd,1
Maltese/Lhasa Apso,1
Collie Smooth/Golden Retriever,1
Pit Bull/Doberman Pinsch,1
Yorkshire Terrier/Australian Terrier,1
Doberman Pinsch/Rottweiler,1
Cavalier Span/Toy Poodle,1
Queensland Heeler/Basset Hound,1
Cardigan Welsh Corgi/Labrador Retriever,1
Pembroke Welsh Corgi/Golden Retriever,1
Pomeranian/Cocker Spaniel,1
Chow Chow/Border Collie,1
Border Collie/Doberman Pinsch,1
Lhasa Apso/Havanese,1
Rat Terrier/Pembroke Welsh Corgi,1
Miniature Pinscher/Pomeranian,1
Border Terrier/Dachshund Wirehair,1
Yorkshire Terrier/Parson Russell Terrier,1
Alaskan Malamute/Australian Kelpie,1
Siberian Husky/Great Pyrenees,1
Miniature Schnauzer/Standard Poodle,1
Dachshund Longhair/Australian Shepherd,1
Dachshund/Swedish Vallhund,1
Dutch Shepherd/Mastiff,1
Akita/Great Pyrenees,1
Golden Retriever/Brittany,1
Miniature Schnauzer/Lhasa Apso,1
Whippet/Jack Russell Terrier,1
Dutch/Rabbit Sh,1
Boxer/Whippet,1
Welsh Springer Spaniel/Labrador Retriever,1
Miniature Poodle/West Highland,1
Basset Hound/English Cocker Spaniel,1
Basset Hound/French Bulldog,1
Catahoula/Irish Wolfhound,1
Beagle/Chihuahua Longhair,1
Pointer/German Shorthair Pointer,1
Maltese/Border Collie,1
Manchester Terrier/Toy Fox Terrier,1
Rhod Ridgeback/Australian Cattle Dog,1
Rhod Ridgeback/Mastiff,1
Miniature Schnauzer/West Highland,1
Queensland Heeler/Great Dane,1
Conure Mix,1
Australian Cattle Dog/Vizsla,1
Basset Hound/English Pointer,1
Chinese Sharpei/Rat Terrier,1
American Wirehair Mix,1
Lhasa Apso/Pekingese,1
Miniature Pinscher/Yorkshire Terrier,1
Papillon/Border Collie,1
English Coonhound/Italian Greyhound,1
Collie Rough/Keeshond,1
Dogue De Bordeaux/American Bulldog,1
Rat Terrier/Pointer,1
Pit Bull/Belgian Malinois,1
Mastiff/Dutch Shepherd,1
Pointer/Chinese Sharpei,1
Miniature Schnauzer/Australian Cattle Dog,1
English Coonhound/German Shepherd,1
Australian Shepherd/Standard Poodle,1
Shetland Sheepdog/Italian Greyhound,1
Redbone Hound/Anatol Shepherd,1
Chihuahua Shorthair/Parson Russell Terrier,1
Silkie Mix,1
Norwegian Elkhound Mix,1
Dutch Shepherd/Boxer,1
Great Pyrenees/Queensland Heeler,1
Boxer/Redbone Hound,1
Collie Smooth/Miniature Poodle,1
Toy Poodle/Cocker Spaniel,1
Vizsla/Boxer,1
Dachshund/Pomeranian,1
Queensland Heeler/German Shepherd,1
Dachshund Longhair/Toy Poodle,1
Chow Chow/Cardigan Welsh Corgi,1
Leghorn Mix,1
Chihuahua Shorthair/Shiba Inu,1
Australian Cattle Dog/American Foxhound,1
Labrador Retriever/Saluki,1
Pit Bull/Cardigan Welsh Corgi,1
Treeing Walker Coonhound/Australian Cattle Dog,1
Treeing Tennesse Brindle,1
Mastiff/Akita,1
Chinese Crested/Chihuahua Longhair,1
Cane Corso/Mastiff,1
English Bulldog/American Bulldog,1
German Pinscher/Whippet,1
American Foxhound/Pointer,1
Soft Coated Wheaten Terrier/Standard Poodle,1
Whippet/Whippet,1
Labrador Retriever/Harrier,1
Greater Swiss Mountain Dog,1
Jack Russell Terrier/Whippet,1
Australian Shepherd/Greyhound,1
Toy Fox Terrier/Dachshund,1
Collie Smooth/Jack Russell Terrier,1
Dachshund/Chinese Sharpei,1
Rottweiler/Blue Lacy,1
Lakeland Terrier Mix,1
Chihuahua Longhair/Italian Greyhound,1
Basset Hound/Black/Tan Hound,1
Irish Terrier/Irish Wolfhound,1
Cardigan Welsh Corgi/English Setter,1
Queensland Heeler/Labrador Retriever,1
Golden Retriever/Whippet,1
Domestic Medium Hair/Manx,1
Dutch,1
Whippet/German Shepherd,1
Jack Russell Terrier/Papillon,1
Jack Russell Terrier/Standard Schnauzer,1
Wire Hair Fox Terrier/German Shepherd,1
Boston Terrier/Australian Kelpie,1
Otter Mix,1
Pomeranian/Border Terrier,1
Smooth Fox Terrier/Rat Terrier,1
Cocker Spaniel/Standard Poodle,1
Akita/Mastiff,1
Border Terrier/Miniature Schnauzer,1
Labrador Retriever/Finnish Spitz,1
Boykin Span/Dachshund,1
Flat Coat Retriever/Chow Chow,1
St. Bernard Rough Coat/Great Pyrenees,1
Chinese Sharpei/Basset Hound,1
Bull Terrier/Jack Russell Terrier,1
Jindo/Shiba Inu,1
Australian Cattle Dog/Australian Kelpie,1
Vizsla/Pointer,1
American Pit Bull Terrier/Pointer,1
Lhasa Apso/Pbgv,1
Cairn Terrier/Shih Tzu,1
Cavalier Span/Papillon,1
Catahoula/Black Mouth Cur,1
Boxer/Jack Russell Terrier,1
Chow Chow/English Cocker Spaniel,1
Dandie Dinmont,1
Australian Shepherd/Jack Russell Terrier,1
Beagle/Boston Terrier,1
American Staffordshire Terrier/Plott Hound,1
Australian Cattle Dog/Golden Retriever,1
Chihuahua Longhair/Border Terrier,1
Australian Cattle Dog/Whippet,1
Anatol Shepherd/German Shorthair Pointer,1
Pointer/Dalmatian,1
Border Terrier/Border Collie,1
Beagle/Cavalier Span,1
Dachshund/Boxer,1
Catahoula/Chow Chow,1
Dachshund/Wire Hair Fox Terrier,1
Siberian Husky/Catahoula,1
Dachshund/Pembroke Welsh Corgi,1
Miniature Pinscher/Australian Cattle Dog,1
Australian Shepherd/Dachshund,1
Chihuahua Longhair/Queensland Heeler,1
Queensland Heeler/Shetland Sheepdog,1
Boxer/Bullmastiff,1
Whippet/Borzoi,1
Miniature Poodle/Golden Retriever,1
Pembroke Welsh Corgi/Anatol Shepherd,1
Newfoundland/Border Collie,1
Pembroke Welsh Corgi/Chinese Sharpei,1
Dachshund Wirehair/West Highland,1
Whippet/Shetland Sheepdog,1
Carolina Dog/Border Collie,1
Maltese/Dachshund,1
American Foxhound/Labrador Retriever,1
Basset Hound/Golden Retriever,1
Norfolk Terrier/Dachshund,1
German Shepherd/Whippet,1
Border Collie/American Staffordshire Terrier,1
Dogue De Bordeaux/Labrador Retriever,1
Canaan Dog/English Springer Spaniel,1
Yorkshire Terrier/Standard Poodle,1
Dalmatian/Pointer,1
Border Collie/Rottweiler,1
Pointer/Rhod Ridgeback,1
Chihuahua Shorthair/Lhasa Apso,1
Catahoula/Doberman Pinsch,1
Australian Cattle Dog/Rat Terrier,1
Cavalier Span/Border Collie,1
Pharaoh Hound/Australian Cattle Dog,1
Whippet/Beagle,1
Pembroke Welsh Corgi/Australian Shepherd,1
Smooth Fox Terrier/Chihuahua Shorthair,1
Miniature Poodle/Jack Russell Terrier,1
Pointer/Ibizan Hound,1
Chinese Sharpei/Pointer,1
Pekingese/Pug,1
German Shepherd/English Coonhound,1
Soft Coated Wheaten Terrier/Miniature Poodle,1
Jack Russell Terrier/Boston Terrier,1
Golden Retriever/Bearded Collie,1
Border Terrier/Labrador Retriever,1
Chihuahua Shorthair/Rhod Ridgeback,1
Alaskan Malamute/Akita,1
Goose Mix,1
Catahoula/Mastiff,1
Border Collie/Great Dane,1
Pit Bull/Jack Russell Terrier,1
Miniature Schnauzer/Dachshund,1
Vizsla/Staffordshire,1
Miniature Pinscher/Smooth Fox Terrier,1
Standard Schnauzer/Border Terrier,1
Rat Terrier/Pug,1
Beagle/Black Mouth Cur,1
Jack Russell Terrier/Cavalier Span,1
Rhod Ridgeback/Harrier,1
Boxer/Bulldog,1
Beagle/Australian Shepherd,1
Labrador Retriever/English Pointer,1
Skye Terrier/Miniature Poodle,1
Australian Kelpie/Alaskan Husky,1
Doberman Pinsch/Vizsla,1
American Staffordshire Terrier/French Bulldog,1
Cardigan Welsh Corgi/American Eskimo,1
Crow Mix,1
Standard Schnauzer/Soft Coated Wheaten Terrier,1
Basenji/Labrador Retriever,1
Pointer/Queensland Heeler,1
Dachshund/Cavalier Span,1
American Pit Bull Terrier/American Bulldog,1
Italian Greyhound/Beagle,1
American Bulldog/Chinese Sharpei,1
Rottweiler/Boxer,1
Cocker Spaniel/Beagle,1
Border Terrier/Pug,1
Greyhound/Great Dane,1
Feist/Chihuahua Shorthair,1
Plott Hound/Black/Tan Hound,1
Domestic Shorthair/Manx,1
Great Dane/Staffordshire,1
Beagle/Treeing Walker Coonhound,1
Airedale Terrier,1
Irish Wolfhound/Great Pyrenees,1
Chow Chow/Irish Setter,1
Bruss Griffon,1
Beagle/Manchester Terrier,1
Norfolk Terrier/Lhasa Apso,1
Australian Cattle Dog/Belgian Malinois,1
Cairn Terrier/Border Terrier,1
Australian Kelpie/Shiba Inu,1
Chinchilla-Amer Mix,1
Queensland Heeler/Parson Russell Terrier,1
English Pointer,1
English Coonhound/Australian Cattle Dog,1
Scottish Terrier/Miniature Poodle,1
Italian Greyhound/Cavalier Span,1
Collie Rough/Pembroke Welsh Corgi,1
Boykin Span,1
Labrador Retriever/St. Bernard Rough Coat,1
Basset Hound/Dachshund,1
Plott Hound/Border Collie,1
Rat Terrier/Border Collie,1
Pointer/Brittany,1
Chihuahua Shorthair/Cavalier Span,1
Yorkshire Terrier/Dachshund Wirehair,1
Bernese Mountain Dog/Rottweiler,1
Jindo/Labrador Retriever,1
Shih Tzu/Cavalier Span,1
Black Mouth Cur/Siberian Husky,1
Rat Terrier/English Pointer,1
Labrador Retriever/Akita,1
Dachshund/English Bulldog,1
Pekingese/Cavalier Span,1
Vizsla/Catahoula,1
Miniature Poodle/English Cocker Spaniel,1
Dachshund/Australian Kelpie,1
Dachshund/Shetland Sheepdog,1
American Bulldog/American Staffordshire Terrier,1
Miniature,1
Leonberger,1
Cocker Spaniel/Dachshund Longhair,1
Chow Chow/Pomeranian,1
Chinese Sharpei/Boxer,1
Alaskan Malamute/Alaskan Husky,1
Mexican Hairless,1
Blue Lacy/Chinese Sharpei,1
Australian Cattle Dog/Pug,1
Bichon Frise/Pekingese,1
Border Terrier/Soft Coated Wheaten Terrier,1
Dutch/Angora-Satin,1
Cairn Terrier/Scottish Terrier,1
Barred Rock Mix,1
Blue Lacy/Black Mouth Cur,1
Whippet/Australian Cattle Dog,1
Norfolk Terrier/Dachshund Wirehair,1
Staffordshire/French Bulldog,1
Lark Mix,1
Patterdale Terr/Chihuahua Shorthair,1
Golden Retriever/Finnish Spitz,1
German Shepherd/German Shepherd,1
Chinese Sharpei/American Staffordshire Terrier,1
Collie Smooth/Chow Chow,1
Coton De Tulear,1
Rat Terrier/Pit Bull,1
Checkered Giant Mix,1
Doberman Pinsch/Catahoula,1
Pekingese/Maltese,1
Australian Shepherd/Great Pyrenees,1
Finnish Spitz/Dachshund,1
Pembroke Welsh Corgi/Australian Cattle Dog,1
Bruss Griffon/Chihuahua Longhair,1
Boykin Span/Cocker Spaniel,1
Labrador Retriever/Irish Setter,1
American Staffordshire Terrier/Rhod Ridgeback,1
Australian Kelpie/Border Collie,1
Manchester Terrier/Chihuahua Longhair,1
Wire Hair Fox Terrier/Golden Retriever,1
Beagle/Cairn Terrier,1
Shetland Sheepdog/Dachshund Longhair,1
Catahoula/Siberian Husky,1
Border Terrier/Affenpinscher,1
Pit Bull/American Bulldog,1
Border Terrier/West Highland,1
Australian Cattle Dog/English Coonhound,1
Jack Russell Terrier/Chihuahua Longhair,1
Blue Lacy/Great Dane,1
Mastiff/Cane Corso,1
Shih Tzu/Norfolk Terrier,1
Maltese/Chihuahua Shorthair,1
Saluki/Labrador Retriever,1
Jack Russell Terrier/Pointer,1
Dachshund Longhair/Golden Retriever,1
Song Bird Mix,1
Chihuahua Shorthair/Boxer,1
German Shepherd/Smooth Fox Terrier,1
Shetland Sheepdog/Pomeranian,1
Chihuahua Shorthair/Rottweiler,1
Great Pyrenees/Collie Rough,1
Maltese/Standard Poodle,1
Kuvasz/Labrador Retriever,1
Collie Rough/Australian Cattle Dog,1
Greyhound/Border Collie,1
German Shorthair Pointer/Australian Cattle Dog,1
Dogue De Bordeaux,1
Tropical Mix,1
Whippet/Rat Terrier,1
Brittany/Chihuahua Shorthair,1
Border Terrier/Standard Schnauzer,1
Australian Shepherd/Beagle,1
Cocker Spaniel/Basset Hound,1
Plott Hound/Dutch Shepherd,1
Pekingese/Tibetan Terrier,1
Entlebucher Mix,1
Australian Cattle Dog/Alaskan Husky,1
Black/Tan Hound/German Shepherd,1
Cockatoo Mix,1
Dachshund/German Shepherd,1
Cocker Spaniel/Shetland Sheepdog,1
Australian Shepherd/Siberian Husky,1
St. Bernard Rough Coat/Border Collie,1
Rottweiler/Australian Kelpie,1
Australian Shepherd/Collie Smooth,1
Australian Cattle Dog/Chinese Crested,1
Canaan Dog/Pit Bull,1
Rat Terrier/Pekingese,1
Boxer/Akita,1
Mastiff/Anatol Shepherd,1
Australian Shepherd/Collie Rough,1
Owl,1
Nova Scotia Duck Tolling Retriever/Golden Retriever,1
Cockatiel,1
Miniature Schnauzer/Scottish Terrier,1
Collie Rough/Chow Chow,1
Toy Poodle/Yorkshire Terrier,1
English Bulldog/Australian Cattle Dog,1
Labrador Retriever/Treeing Walker Coonhound,1
Cavalier Span/Pug,1
Rottweiler/Basset Hound,1
Anatol Shepherd/Australian Shepherd,1
Shih Tzu/Pekingese,1
Beagle/Harrier,1
American Staffordshire Terrier/Australian Cattle Dog,1
Boxer/Chow Chow,1
Chihuahua Longhair/Chihuahua Shorthair,1
Treeing Tennesse Brindle Mix,1
Pit Bull/Border Collie,1
Polish Mix,1
Staffordshire/Border Collie,1
Boxer/Harrier,1
Chinese Crested/Papillon,1
Treeing Walker Coonhound,1
Boerboel,1
Jack Russell Terrier/Brittany,1
Eng Toy Spaniel Mix,1
Australian Shepherd/Australian Kelpie,1
Miniature Pinscher/Whippet,1
Papillon/Yorkshire Terrier,1
Cardigan Welsh Corgi/Cardigan Welsh Corgi,1
Queensland Heeler/Great Pyrenees,1
Australian Shepherd/Parson Russell Terrier,1
Chihuahua Shorthair/Australian Terrier,1
Airedale Terrier/Irish Terrier,1
Silver Mix,1
Staffordshire/Australian Cattle Dog,1
Grand Basset Griffon Vendeen Mix,1
Nuthatch Mix,1
Havana Brown Mix,1
German Shepherd/Swedish Vallhund,1
Boxer/Cardigan Welsh Corgi,1
Dutch Shepherd/Anatol Shepherd,1
Australian Shepherd/Feist,1
German Shepherd/Weimaraner,1
Miniature Poodle/Border Terrier,1
Cardigan Welsh Corgi/Miniature Schnauzer,1
Welsh Terrier/Wire Hair Fox Terrier,1
Glen Of Imaal/Ibizan Hound,1
Norfolk Terrier/Standard Poodle,1
Pug/Boston Terrier,1
Border Collie/English Springer Spaniel,1
Shiba Inu/Chinese Sharpei,1
Airedale Terrier/Miniature Schnauzer,1
Border Collie/English Pointer,1
Yorkshire Terrier/Soft Coated Wheaten Terrier,1
Swiss Hound/Pit Bull,1
Papillon/Skye Terrier,1
Rat Terrier/American Pit Bull Terrier,1
Pit Bull/Anatol Shepherd,1
Bull Terrier/Border Collie,1
Jack Russell Terrier/American Staffordshire Terrier,1
Redbone Hound/Australian Cattle Dog,1
Anatol Shepherd/Siberian Husky,1
Irish Wolfhound/Australian Shepherd,1
Soft Coated Wheaten Terrier/Chihuahua Shorthair,1
Lowchen Mix,1
Chihuahua Longhair/Rat Terrier,1
Rat Terrier/Jack Russell Terrier,1
Vizsla/Rhod Ridgeback,1
Boston Terrier/Beagle,1
Australian Shepherd/Rhod Ridgeback,1
Flat Coat Retriever/Golden Retriever,1
Great Dane/German Shepherd,1
Collie Rough/Irish Setter,1
Lovebird Mix,1
Norwich Terrier/Border Terrier,1
Keeshond,1
Australian Shepherd/English Springer Spaniel,1
Ocicat Mix,1
Pug/Miniature Pinscher,1
Domestic Shorthair/Maine Coon,1
Silky Terrier/Maltese,1
Spanish Mastiff Mix,1
Pembroke Welsh Corgi/Chihuahua Longhair,1
Dachshund Stan Mix,1
Siberian Husky/Beagle,1
Anatol Shepherd/Black Mouth Cur,1
Lhasa Apso/Border Terrier,1
Bluetick Hound/Australian Cattle Dog,1
Lop-Holland,1
Cardigan Welsh Corgi/Australian Kelpie,1
Toy Poodle/Dachshund,1
Plott Hound/Carolina Dog,1
Dachshund/Border Collie,1
Belgian Hare,1
German Shepherd/Vizsla,1
Catahoula/American Bulldog,1
Manx,1
Domestic Shorthair/Abyssinian,1
Golden Retriever/Cocker Spaniel,1
American Staffordshire Terrier/Jack Russell Terrier,1
English Bulldog/Staffordshire,1
Bullmastiff/Black Mouth Cur,1
Anatol Shepherd/Kangal,1
Shih Tzu/Border Terrier,1
Papillon/Miniature Poodle,1
Domestic Longhair/Russian Blue,1
Rhod Ridgeback/Bullmastiff,1
Pug/Pit Bull,1
Border Terrier/Bruss Griffon,1
Rat Terrier/Smooth Fox Terrier,1
Labrador Retriever/Pharaoh Hound,1
Potbelly Pig Mix,1
Boston Terrier/Rat Terrier,1
German Shepherd/Ibizan Hound,1
Cardigan Welsh Corgi/Chihuahua Longhair,1
Standard Poodle/Jack Russell Terrier,1
Akita/Chow Chow,1
Black Mouth Cur/Rhod Ridgeback,1
Smooth Fox Terrier,1
Soft Coated Wheaten Terrier/Border Terrier,1
Boxer/Dogue De Bordeaux,1
Labrador Retriever/American Foxhound,1
Rat Terrier/Queensland Heeler,1
Border Collie/Staffordshire,1
Miniature Schnauzer/Cocker Spaniel,1
Tortoise,1
Rhod Ridgeback/Pointer,1
Vizsla/German Shepherd,1
Pekingese/Pomeranian,1
Scottish Terrier/Basset Hound,1
Pekingese/Lhasa Apso,1
Harrier/German Shepherd,1
American Bulldog/Dalmatian,1
Shih Tzu/Australian Shepherd,1
Dachshund Wirehair/Shih Tzu,1
Australian Shepherd/Brittany,1
Hovawart,1
Lhasa Apso/Dachshund,1
Dutch Shepherd/Plott Hound,1
Cinnamon Mix,1
Miniature Schnauzer/Pug,1
Pit Bull/Border Terrier,1
Greyhound/Pointer,1
Shetland Sheepdog/Cavalier Span,1
Snowshoe/Domestic Shorthair,1
Border Collie/Standard Schnauzer,1
Collie Smooth/Beagle,1
Catahoula/Jack Russell Terrier,1
English Pointer/Labrador Retriever,1
Cavalier Span/Chihuahua Longhair,1
Black Mouth Cur/American Staffordshire Terrier,1
Cardigan Welsh Corgi/Rat Terrier,1
Smooth Fox Terrier/Labrador Retriever,1
Pembroke Welsh Corgi/Pit Bull,1
Mastiff/Plott Hound,1
Plott Hound/Whippet,1
Pit Bull/Jindo,1
Collie Smooth/Saluki,1
Blue Lacy/Cardigan Welsh Corgi,1
Shih Tzu/Affenpinscher,1
Pekingese/Catahoula,1
Dogo Argentino/Chinese Sharpei,1
Australian Cattle Dog/Chihuahua Shorthair,1
Greyhound/Dalmatian,1
Dachshund Longhair/Pembroke Welsh Corgi,1
Brittany/Collie Rough,1
Maltese/Papillon,1
American Bulldog/English Bulldog,1
Frog,1
Basenji/Rhod Ridgeback,1
Deer Mix,1
Rottweiler/Beagle,1
Old English Sheepdog Mix,1
Dachshund/German Pinscher,1
Australian Cattle Dog/American Staffordshire Terrier,1
Chinese Sharpei/Bull Terrier,1
St. Bernard Rough Coat/German Shepherd,1
Rat Terrier/Chihuahua Longhair,1
Belgian Sheepdog,1
Yorkshire Terrier/Chinese Crested,1
Great Pyrenees/Alaskan Husky,1
French Bulldog/English Bulldog,1
Dachshund Longhair/Pomeranian,1
Alaskan Husky/Labrador Retriever,1
Anatol Shepherd/Collie Rough,1
Chinese Sharpei/Beagle,1
Redbone Hound/Boxer,1
Bunting,1
Border Collie/Australian Kelpie,1
Bull Terrier/Australian Kelpie,1
Catahoula/Border Collie,1
Catahoula/Treeing Walker Coonhound,1
Pug/Cocker Spaniel,1
Dachshund/Havanese,1
Wren Mix,1
Pheasant Mix,1
English Springer Spaniel/Beagle,1
Greyhound/Saluki,1
French Bulldog/Pug,1
Pit Bull/Queensland Heeler,1
Australian Kelpie/Chinese Sharpei,1
Sealyham Terr Mix,1
Pit Bull/St. Bernard Smooth Coat,1
Great Dane/Pointer,1
Pit Bull/American Foxhound,1
Budgerigar,1
Bluetick Hound/Treeing Walker Coonhound,1
Norwich Terrier,1
Black/Tan Hound/Siberian Husky,1
Norfolk Terrier/Border Terrier,1
Labrador Retriever/Brittany,1
Border Collie/Brittany,1
Papillon/Australian Cattle Dog,1
Australian Kelpie/Bull Terrier,1
Rabbit Lh,1
Shetland Sheepdog/Basenji,1
Australian Cattle Dog/Treeing Walker Coonhound,1
Pit Bull/Pharaoh Hound,1
Staffordshire/Bulldog,1
Cocker Spaniel/Golden Retriever,1
Beagle/Staffordshire,1
Chow Chow/Rottweiler,1
Dachshund Longhair/Cairn Terrier,1
Vizsla/Beagle,1
Dachshund/Norfolk Terrier,1
Rhod Ridgeback/Chow Chow,1
Norfolk Terrier/Cairn Terrier,1
Chihuahua Longhair/Cavalier Span,1
Pug/Boxer,1
Greyhound/Airedale Terrier,1
Chow Chow/Australian Kelpie,1
Angora/Persian,1
Ringtail Mix,1
Australian Cattle Dog/Black Mouth Cur,1
Cocker Spaniel/Australian Shepherd,1
Dachshund/Dachshund,1
Domestic Shorthair/Domestic Medium Hair,1
Weimaraner/Plott Hound,1
Jack Russell Terrier/Manchester Terrier,1
American Eskimo/Australian Shepherd,1
Great Pyrenees/St. Bernard Rough Coat,1
Jack Russell Terrier/Miniature Schnauzer,1
Sparrow,1
Pointer/Basset Hound,1
Beagle/Pembroke Welsh Corgi,1
Cocker Spaniel/Chihuahua Longhair,1
Miniature Poodle/Chihuahua Longhair,1
Pit Bull/Dogue De Bordeaux,1
Cavalier Span/Jack Russell Terrier,1
Bobcat Mix,1
Chihuahua Shorthair/Bichon Frise,1
Miniature Schnauzer/Labrador Retriever,1
Chinese Sharpei/Airedale Terrier,1
Rat Terrier/Cairn Terrier,1
Australian Kelpie/Finnish Spitz,1
Cardigan Welsh Corgi/Cairn Terrier,1
Pembroke Welsh Corgi/Labrador Retriever,1
Cardigan Welsh Corgi/Pit Bull,1
Chihuahua Shorthair/Affenpinscher,1
Miniature Poodle/Italian Greyhound,1
Boxer/American Pit Bull Terrier,1
German Shorthair Pointer/Brittany,1
English Foxhound/Smooth Fox Terrier,1
Ibizan Hound/Pit Bull,1
Lhasa Apso/Yorkshire Terrier,1
French Bulldog/Dachshund,1
Great Dane/Australian Cattle Dog,1
Newfoundland/Queensland Heeler,1
Border Terrier/Cardigan Welsh Corgi,1
English Bulldog/American Staffordshire Terrier,1
St. Bernard Rough Coat/Labrador Retriever,1
Pembroke Welsh Corgi/Brittany,1
Border Collie/Shetland Sheepdog,1
Blue Lacy/Collie Smooth,1
Miniature Schnauzer/Dachshund Longhair,1
French Bulldog/Miniature Schnauzer,1
Miniature Pinscher/Maltese,1
Labrador Retriever/Bullmastiff,1
Australian Kelpie/Chihuahua Shorthair,1
Bullmastiff/Boxer,1
Bruss Griffon/Cairn Terrier,1
Shetland Sheepdog/Cardigan Welsh Corgi,1
Whippet/Miniature Pinscher,1
Lop-Amer Fuzzy Mix,1
Redbone Hound/Redbone Hound,1
Afghan Hound/Labrador Retriever,1
